filename,url
assets/images/animals/lion.jpg,https://images.unsplash.com/photo-1518791841217-8f162f1e1131
assets/images/animals/elephant.jpg,https://images.unsplash.com/photo-1508672019048-805c876b67e2
assets/images/animals/horse.jpg,https://images.unsplash.com/photo-1518791841217-8f162f1e1131
assets/images/animals/cow.jpg,https://images.unsplash.com/photo-1518791841217-8f162f1e1131
assets/images/animals/sheep.jpg,https://images.unsplash.com/photo-1518791841217-8f162f1e1131
assets/images/animals/goat.jpg,https://images.unsplash.com/photo-1518791841217-8f162f1e1131
assets/images/animals/dog.jpg,https://images.unsplash.com/photo-1517423440428-a5a00ad493e8
assets/images/animals/cat.jpg,https://images.unsplash.com/photo-1518717758536-85ae29035b6d
assets/images/animals/tiger.jpg,https://images.unsplash.com/photo-1518791841217-8f162f1e1131
assets/images/animals/zebra.jpg,https://images.unsplash.com/photo-1518791841217-8f162f1e1131
assets/images/animals/giraffe.jpg,https://images.unsplash.com/photo-1518791841217-8f162f1e1131
assets/images/animals/camel.jpg,https://images.unsplash.com/photo-1518791841217-8f162f1e1131
assets/images/animals/donkey.jpg,https://images.unsplash.com/photo-1518791841217-8f162f1e1131
assets/images/animals/rabbit.jpg,https://images.unsplash.com/photo-1518791841217-8f162f1e1131
assets/images/animals/mouse.jpg,https://images.unsplash.com/photo-1518791841217-8f162f1e1131
assets/images/animals/monkey.jpg,https://images.unsplash.com/photo-1518791841217-8f162f1e1131
assets/images/animals/bear.jpg,https://images.unsplash.com/photo-1518791841217-8f162f1e1131
assets/images/animals/fox.jpg,https://images.unsplash.com/photo-1518791841217-8f162f1e1131
assets/images/animals/wolf.jpg,https://images.unsplash.com/photo-1518791841217-8f162f1e1131
assets/images/animals/dolphin.jpg,https://images.unsplash.com/photo-1518791841217-8f162f1e1131
assets/images/animals/whale.jpg,https://images.unsplash.com/photo-1518791841217-8f162f1e1131
assets/images/animals/shark.jpg,https://images.unsplash.com/photo-1518791841217-8f162f1e1131
assets/images/animals/fish.jpg,https://images.unsplash.com/photo-1518791841217-8f162f1e1131
assets/images/animals/bird.jpg,https://images.unsplash.com/photo-1518791841217-8f162f1e1131
assets/images/animals/penguin.jpg,https://images.unsplash.com/photo-1518791841217-8f162f1e1131
assets/images/animals/kangaroo.jpg,https://images.unsplash.com/photo-1518791841217-8f162f1e1131
assets/images/animals/frog.jpg,https://images.unsplash.com/photo-1518791841217-8f162f1e1131
assets/images/animals/bee.jpg,https://images.unsplash.com/photo-1518791841217-8f162f1e1131
assets/images/animals/butterfly.jpg,https://images.unsplash.com/photo-1518791841217-8f162f1e1131
assets/images/animals/crocodile.jpg,https://images.unsplash.com/photo-1518791841217-8f162f1e1131
assets/images/ar/أسد.jpg,https://images.unsplash.com/photo-1567306226416-28f0efdc88ce
assets/images/ar/بقرة.jpg,https://images.unsplash.com/photo-1567306226416-28f0efdc88ce
assets/images/ar/تفاح.jpg,https://images.unsplash.com/photo-1567306226416-28f0efdc88ce
assets/images/ar/ثعلب.jpg,https://images.unsplash.com/photo-1567306226416-28f0efdc88ce
assets/images/ar/جمل.jpg,https://images.unsplash.com/photo-1567306226416-28f0efdc88ce
assets/images/ar/حصان.jpg,https://images.unsplash.com/photo-1567306226416-28f0efdc88ce
assets/images/numbers/0.jpg,https://images.unsplash.com/photo-1519681393784-d120267933ba
assets/images/numbers/1.jpg,https://images.unsplash.com/photo-1519681393784-d120267933ba
assets/images/numbers/2.jpg,https://images.unsplash.com/photo-1519681393784-d120267933ba
